<?xml version = '1.0' encoding = 'UTF-8'?>
<Entity class="oracle.dbtools.crest.model.design.logical.Entity" directorySegmentName="seg_0" id="0950B1C4-55D2-029C-E9C5-5E496E1D0565" name="CURSOS">
<createdBy>logonpflocal</createdBy>
<createdTime>2022-05-03 23:22:04 UTC</createdTime>
<ownerDesignName>exemplos(1-n) e (1-1)</ownerDesignName>
<engineerTo>
<item key="81665B9B-60CE-4EC0-605C-308235005201" value="true"/>
</engineerTo>
<adequatelyNormalized>NO</adequatelyNormalized>
<expectedVolumes>0</expectedVolumes>
<fwdEngineeringStrategyName>Single Table</fwdEngineeringStrategyName>
<growthPercent>0</growthPercent>
<growthType>Year</growthType>
<maxVolumes>9999999</maxVolumes>
<minVolumes>0</minVolumes>
<normalForm>Third</normalForm>
<attributes itemClass="oracle.dbtools.crest.model.design.logical.Attribute">
<Attribute name="cod_curso" id="041F8ACE-A472-A612-6365-AC7CF77B5AC1">
<createdBy>logonpflocal</createdBy>
<createdTime>2022-05-03 23:22:44 UTC</createdTime>
<ownerDesignName>exemplos(1-n) e (1-1)</ownerDesignName>
<engineerTo>
<item key="81665B9B-60CE-4EC0-605C-308235005201" value="true"/>
</engineerTo>
<useDomainConstraints>false</useDomainConstraints>
<use>1</use>
<logicalDatatype>LOGDT019</logicalDatatype>
<dataTypePrecision>5</dataTypePrecision>
<ownDataTypeParameters>,5,</ownDataTypeParameters>
</Attribute>
<Attribute name="nome" id="75AD2200-3BA6-7CBF-50D5-2B64C22313A2">
<createdBy>logonpflocal</createdBy>
<createdTime>2022-05-03 23:23:02 UTC</createdTime>
<ownerDesignName>exemplos(1-n) e (1-1)</ownerDesignName>
<engineerTo>
<item key="81665B9B-60CE-4EC0-605C-308235005201" value="true"/>
</engineerTo>
<useDomainConstraints>false</useDomainConstraints>
<use>1</use>
<logicalDatatype>LOGDT024</logicalDatatype>
<dataTypeSize>100</dataTypeSize>
<ownDataTypeParameters>100,,</ownDataTypeParameters>
</Attribute>
</attributes>
<identifiers itemClass="oracle.dbtools.crest.model.design.logical.CandidateKey">
<identifier id="0C78835F-E18A-5558-906E-D8811A35BDCB" name="CURSOS PK">
<createdBy>logonpflocal</createdBy>
<createdTime>2022-05-03 23:23:06 UTC</createdTime>
<ownerDesignName>exemplos(1-n) e (1-1)</ownerDesignName>
<engineerTo>
<item key="81665B9B-60CE-4EC0-605C-308235005201" value="true"/>
</engineerTo>
<pk>true</pk>
<usedAttributes>
<attributeRef>041F8ACE-A472-A612-6365-AC7CF77B5AC1</attributeRef>
</usedAttributes>
</identifier>
</identifiers>
</Entity>