<?xml version = '1.0' encoding = 'UTF-8'?>
<Entity class="oracle.dbtools.crest.model.design.logical.Entity" directorySegmentName="seg_0" id="180BA2B6-9B47-3F52-9EA1-7ED23CE8418F" name="DEPARTAMENTOS     ">
<createdBy>logonpflocal</createdBy>
<createdTime>2022-05-03 23:27:55 UTC</createdTime>
<ownerDesignName>exemplos(1-n) e (1-1)</ownerDesignName>
<engineerTo>
<item key="81665B9B-60CE-4EC0-605C-308235005201" value="true"/>
</engineerTo>
<adequatelyNormalized>NO</adequatelyNormalized>
<expectedVolumes>0</expectedVolumes>
<fwdEngineeringStrategyName>Single Table</fwdEngineeringStrategyName>
<growthPercent>0</growthPercent>
<growthType>Year</growthType>
<maxVolumes>9999999</maxVolumes>
<minVolumes>0</minVolumes>
<normalForm>Third</normalForm>
<attributes itemClass="oracle.dbtools.crest.model.design.logical.Attribute">
<Attribute name="cod_depto" id="BD832C8E-A6DC-03EB-E960-B1B7589228FF">
<createdBy>logonpflocal</createdBy>
<createdTime>2022-05-03 23:28:03 UTC</createdTime>
<ownerDesignName>exemplos(1-n) e (1-1)</ownerDesignName>
<engineerTo>
<item key="81665B9B-60CE-4EC0-605C-308235005201" value="true"/>
</engineerTo>
<useDomainConstraints>false</useDomainConstraints>
<use>1</use>
<logicalDatatype>LOGDT019</logicalDatatype>
<dataTypePrecision>5</dataTypePrecision>
<ownDataTypeParameters>,5,</ownDataTypeParameters>
</Attribute>
<Attribute name="nome_depto" id="35292DE9-CB45-C079-8B64-7715A69E260C">
<createdBy>logonpflocal</createdBy>
<createdTime>2022-05-03 23:28:38 UTC</createdTime>
<ownerDesignName>exemplos(1-n) e (1-1)</ownerDesignName>
<engineerTo>
<item key="81665B9B-60CE-4EC0-605C-308235005201" value="true"/>
</engineerTo>
<useDomainConstraints>false</useDomainConstraints>
<use>1</use>
<logicalDatatype>LOGDT024</logicalDatatype>
<dataTypeSize>50</dataTypeSize>
<ownDataTypeParameters>50,,</ownDataTypeParameters>
</Attribute>
<Attribute name="nome_ger" id="02B6B156-26DE-4563-2467-A7023A3F6982">
<createdBy>logonpflocal</createdBy>
<createdTime>2022-05-03 23:28:53 UTC</createdTime>
<ownerDesignName>exemplos(1-n) e (1-1)</ownerDesignName>
<engineerTo>
<item key="81665B9B-60CE-4EC0-605C-308235005201" value="true"/>
</engineerTo>
<useDomainConstraints>false</useDomainConstraints>
<use>1</use>
<logicalDatatype>LOGDT024</logicalDatatype>
<dataTypeSize>100</dataTypeSize>
<ownDataTypeParameters>100,,</ownDataTypeParameters>
</Attribute>
</attributes>
</Entity>