<?xml version = '1.0' encoding = 'UTF-8'?>
<Entity class="oracle.dbtools.crest.model.design.logical.Entity" directorySegmentName="seg_0" id="1D07810A-C750-277C-0B1B-820D8C2388FE" name="GERENTES  ">
<createdBy>logonpflocal</createdBy>
<createdTime>2022-05-03 23:26:26 UTC</createdTime>
<ownerDesignName>exemplos(1-n) e (1-1)</ownerDesignName>
<engineerTo>
<item key="81665B9B-60CE-4EC0-605C-308235005201" value="true"/>
</engineerTo>
<adequatelyNormalized>NO</adequatelyNormalized>
<expectedVolumes>0</expectedVolumes>
<fwdEngineeringStrategyName>Single Table</fwdEngineeringStrategyName>
<growthPercent>0</growthPercent>
<growthType>Year</growthType>
<maxVolumes>9999999</maxVolumes>
<minVolumes>0</minVolumes>
<normalForm>Third</normalForm>
<attributes itemClass="oracle.dbtools.crest.model.design.logical.Attribute">
<Attribute name="cod_ger" id="74A8B44E-313C-5266-19F7-854E861B85DC">
<createdBy>logonpflocal</createdBy>
<createdTime>2022-05-03 23:26:26 UTC</createdTime>
<ownerDesignName>exemplos(1-n) e (1-1)</ownerDesignName>
<engineerTo>
<item key="81665B9B-60CE-4EC0-605C-308235005201" value="true"/>
</engineerTo>
<useDomainConstraints>false</useDomainConstraints>
<use>1</use>
<logicalDatatype>LOGDT019</logicalDatatype>
<dataTypePrecision>5</dataTypePrecision>
<ownDataTypeParameters>,5,</ownDataTypeParameters>
</Attribute>
<Attribute name="nome" id="27163122-653F-054E-D885-9FF2A3581E07">
<createdBy>logonpflocal</createdBy>
<createdTime>2022-05-03 23:26:26 UTC</createdTime>
<ownerDesignName>exemplos(1-n) e (1-1)</ownerDesignName>
<engineerTo>
<item key="81665B9B-60CE-4EC0-605C-308235005201" value="true"/>
</engineerTo>
<useDomainConstraints>false</useDomainConstraints>
<use>1</use>
<logicalDatatype>LOGDT019</logicalDatatype>
<dataTypePrecision>5</dataTypePrecision>
<ownDataTypeParameters>,5,</ownDataTypeParameters>
</Attribute>
<Attribute name="cod_depto" id="ED88CC75-9023-B8F0-E826-F7B58CB78C38">
<createdBy>logonpflocal</createdBy>
<createdTime>2022-05-03 23:27:33 UTC</createdTime>
<generatorID>9BD72E78-6B6D-07D9-9A91-EE05C3882010</generatorID>
<ownerDesignName>exemplos(1-n) e (1-1)</ownerDesignName>
<engineerTo>
<item key="81665B9B-60CE-4EC0-605C-308235005201" value="true"/>
</engineerTo>
<nullsAllowed>true</nullsAllowed>
<referedAttribute>F8E6AF9C-9371-318F-5A41-3A82F098ECB2</referedAttribute>
<useDomainConstraints>false</useDomainConstraints>
<use>1</use>
<logicalDatatype>LOGDT019</logicalDatatype>
<dataTypePrecision>5</dataTypePrecision>
<ownDataTypeParameters>,,</ownDataTypeParameters>
</Attribute>
</attributes>
<identifiers itemClass="oracle.dbtools.crest.model.design.logical.CandidateKey">
<identifier id="9389433E-D05A-C5AC-C457-AF14C4A471E3" name="EMPREGADOS PK">
<createdBy>logonpflocal</createdBy>
<createdTime>2022-05-03 23:26:26 UTC</createdTime>
<ownerDesignName>exemplos(1-n) e (1-1)</ownerDesignName>
<engineerTo>
<item key="81665B9B-60CE-4EC0-605C-308235005201" value="true"/>
</engineerTo>
<pk>true</pk>
<usedAttributes>
<attributeRef>74A8B44E-313C-5266-19F7-854E861B85DC</attributeRef>
</usedAttributes>
</identifier>
</identifiers>
</Entity>