<?xml version = '1.0' encoding = 'UTF-8'?>
<Entity class="oracle.dbtools.crest.model.design.logical.Entity" directorySegmentName="seg_0" id="D928C657-F0B3-7250-F57F-B352A5F10497" name="DEPARTAMENTOS  ">
<createdBy>logonpflocal</createdBy>
<createdTime>2022-05-03 23:26:26 UTC</createdTime>
<ownerDesignName>exemplos(1-n) e (1-1)</ownerDesignName>
<engineerTo>
<item key="81665B9B-60CE-4EC0-605C-308235005201" value="true"/>
</engineerTo>
<adequatelyNormalized>NO</adequatelyNormalized>
<expectedVolumes>0</expectedVolumes>
<fwdEngineeringStrategyName>Single Table</fwdEngineeringStrategyName>
<growthPercent>0</growthPercent>
<growthType>Year</growthType>
<maxVolumes>9999999</maxVolumes>
<minVolumes>0</minVolumes>
<normalForm>Third</normalForm>
<attributes itemClass="oracle.dbtools.crest.model.design.logical.Attribute">
<Attribute name="cod_depto" id="F8E6AF9C-9371-318F-5A41-3A82F098ECB2">
<createdBy>logonpflocal</createdBy>
<createdTime>2022-05-03 23:26:26 UTC</createdTime>
<ownerDesignName>exemplos(1-n) e (1-1)</ownerDesignName>
<engineerTo>
<item key="81665B9B-60CE-4EC0-605C-308235005201" value="true"/>
</engineerTo>
<useDomainConstraints>false</useDomainConstraints>
<use>1</use>
<logicalDatatype>LOGDT019</logicalDatatype>
<dataTypePrecision>5</dataTypePrecision>
<ownDataTypeParameters>,5,</ownDataTypeParameters>
</Attribute>
<Attribute name="nome" id="9130B288-19C9-DB39-8F61-9CBAEF4E7E10">
<createdBy>logonpflocal</createdBy>
<createdTime>2022-05-03 23:26:26 UTC</createdTime>
<ownerDesignName>exemplos(1-n) e (1-1)</ownerDesignName>
<engineerTo>
<item key="81665B9B-60CE-4EC0-605C-308235005201" value="true"/>
</engineerTo>
<useDomainConstraints>false</useDomainConstraints>
<use>1</use>
<logicalDatatype>LOGDT024</logicalDatatype>
<dataTypeSize>50</dataTypeSize>
<ownDataTypeParameters>50,,</ownDataTypeParameters>
</Attribute>
<Attribute name="cod_ger" id="D12F0C46-94BE-0412-B7C1-DAD2483CEC39">
<createdBy>logonpflocal</createdBy>
<createdTime>2022-05-03 23:27:26 UTC</createdTime>
<generatorID>9BD72E78-6B6D-07D9-9A91-EE05C3882010</generatorID>
<ownerDesignName>exemplos(1-n) e (1-1)</ownerDesignName>
<engineerTo>
<item key="81665B9B-60CE-4EC0-605C-308235005201" value="true"/>
</engineerTo>
<nullsAllowed>true</nullsAllowed>
<referedAttribute>74A8B44E-313C-5266-19F7-854E861B85DC</referedAttribute>
<useDomainConstraints>false</useDomainConstraints>
<use>1</use>
<logicalDatatype>LOGDT019</logicalDatatype>
<dataTypePrecision>5</dataTypePrecision>
<ownDataTypeParameters>,,</ownDataTypeParameters>
</Attribute>
</attributes>
<identifiers itemClass="oracle.dbtools.crest.model.design.logical.CandidateKey">
<identifier id="ED93C648-3FB5-7035-B41B-946CDD140A00" name="DEPARTAMENTOS PK">
<createdBy>logonpflocal</createdBy>
<createdTime>2022-05-03 23:26:26 UTC</createdTime>
<ownerDesignName>exemplos(1-n) e (1-1)</ownerDesignName>
<engineerTo>
<item key="81665B9B-60CE-4EC0-605C-308235005201" value="true"/>
</engineerTo>
<pk>true</pk>
<usedAttributes>
<attributeRef>F8E6AF9C-9371-318F-5A41-3A82F098ECB2</attributeRef>
</usedAttributes>
</identifier>
</identifiers>
</Entity>