<?xml version = '1.0' encoding = 'UTF-8'?>
<relationalModel class="oracle.dbtools.crest.model.design.relational.RelationalDesign" name="Relational_1" id="81665B9B-60CE-4EC0-605C-308235005201" mainViewID="E6F0266A-CB2A-9669-6A07-0AA8C4531DCE">
<createdBy>logonpflocal</createdBy>
<createdTime>2022-05-03 23:21:44 UTC</createdTime>
<ownerDesignName>exemplos(1-n) e (1-1)</ownerDesignName>
<shouldBeOpen>false</shouldBeOpen>
<selectedRDBMSSite>32076570-2523-435C-2E92-BF29817DFF70</selectedRDBMSSite>
</relationalModel>