<?xml version = '1.0' encoding = 'UTF-8'?>
<Diagram class="oracle.dbtools.crest.swingui.logical.DPVLogical" name="Logical" id="C951B096-1E92-6A38-F7E3-1FB0C667DBF4">
<createdBy>logonpflocal</createdBy>
<modifiedBy>logonpflocal</modifiedBy>
<createdTime>2022-05-03 23:30:58 UTC</createdTime>
<autoRoute>false</autoRoute>
<boxInbox>true</boxInbox>
<showLegend>false</showLegend>
<showLabels>false</showLabels>
<showRelAttributes>false</showRelAttributes>
<gridEnabled>false</gridEnabled>
<showGrid>false</showGrid>
<diagramColor>-1</diagramColor>
<display>false</display>
<notation>1</notation>
<objectViews>
<OView class="oracle.dbtools.crest.swingui.logical.TVEntity" oid="0F0D1EC2-D8AC-D239-D09D-91C03431F636" otype="Entity" vid="69278675-B9D9-DE21-D800-4BBA34A73D41">
<hideElementsInCurrentOnly>false</hideElementsInCurrentOnly>
<bounds x="815" y="359" width="155" height="72"/>
</OView>
<OView class="oracle.dbtools.crest.swingui.logical.TVEntity" oid="2248777D-F02D-BF55-520C-7F3DC9A6BCE1" otype="Entity" vid="EEDAF18D-6538-22A0-C9D5-6AAF6E1013F6">
<hideElementsInCurrentOnly>false</hideElementsInCurrentOnly>
<bounds x="839" y="97" width="170" height="110"/>
</OView>
<OView class="oracle.dbtools.crest.swingui.logical.TVEntity" oid="2641DD0A-58D8-441B-6536-8032BDCB8D9A" otype="Entity" vid="7783D7A7-9D4A-48FB-1918-C50C58A93408">
<hideElementsInCurrentOnly>false</hideElementsInCurrentOnly>
<bounds x="344" y="92" width="170" height="110"/>
</OView>
<OView class="oracle.dbtools.crest.swingui.logical.TVEntity" oid="4C8E1DA6-733A-23DF-D746-7DC3C5268960" otype="Entity" vid="82C1724E-BEC2-1BFC-6956-6EE710DF4006">
<hideElementsInCurrentOnly>false</hideElementsInCurrentOnly>
<bounds x="604" y="140" width="170" height="26"/>
</OView>
<OView class="oracle.dbtools.crest.swingui.logical.TVEntity" oid="55B849F4-7B46-D7F4-D968-572F869B5957" otype="Entity" vid="EA2935BE-5955-D3FF-3F26-D4D9156A869F">
<hideElementsInCurrentOnly>false</hideElementsInCurrentOnly>
<bounds x="103" y="99" width="118" height="29"/>
</OView>
<OView class="oracle.dbtools.crest.swingui.logical.TVEntity" oid="7F1C2B9A-3F06-B829-B2B7-F312487F7E96" otype="Entity" vid="7D3D5C3B-E84F-6D2A-5DDD-F821F1C636A0">
<hideElementsInCurrentOnly>false</hideElementsInCurrentOnly>
<bounds x="111" y="264" width="109" height="68"/>
</OView>
</objectViews>
<connectors>
<Connector class="oracle.dbtools.crest.swingui.logical.TVRelation" oid="5706D009-DE94-9B9B-DCC7-2BAB905AFC45" otype="Relation" vid_source="EEDAF18D-6538-22A0-C9D5-6AAF6E1013F6" vid_target="82C1724E-BEC2-1BFC-6956-6EE710DF4006">
<hideElementsInCurrentOnly>false</hideElementsInCurrentOnly>
<backgroundColor>-16777216</backgroundColor>
<lineWidth>1</lineWidth>
<points>
<point x="839" y="153"/>
<point x="774" y="153"/>
</points>
</Connector>
<Connector class="oracle.dbtools.crest.swingui.logical.TVRelation" oid="75E62617-9385-9938-C3B9-7A8510F7A201" otype="Relation" vid_source="7783D7A7-9D4A-48FB-1918-C50C58A93408" vid_target="EA2935BE-5955-D3FF-3F26-D4D9156A869F">
<hideElementsInCurrentOnly>false</hideElementsInCurrentOnly>
<backgroundColor>-16777216</backgroundColor>
<lineWidth>1</lineWidth>
<points>
<point x="344" y="113"/>
<point x="221" y="113"/>
</points>
</Connector>
<Connector class="oracle.dbtools.crest.swingui.logical.TVRelation" oid="AF1EF451-9EA7-B0D1-E4EF-1C9745762057" otype="Relation" vid_source="69278675-B9D9-DE21-D800-4BBA34A73D41" vid_target="EEDAF18D-6538-22A0-C9D5-6AAF6E1013F6">
<hideElementsInCurrentOnly>false</hideElementsInCurrentOnly>
<backgroundColor>-16777216</backgroundColor>
<lineWidth>1</lineWidth>
<points>
<point x="904" y="359"/>
<point x="904" y="207"/>
</points>
</Connector>
<Connector class="oracle.dbtools.crest.swingui.logical.TVRelation" oid="D6609014-91E5-ED21-2ED9-F079535F139D" otype="Relation" vid_source="7783D7A7-9D4A-48FB-1918-C50C58A93408" vid_target="82C1724E-BEC2-1BFC-6956-6EE710DF4006">
<hideElementsInCurrentOnly>false</hideElementsInCurrentOnly>
<backgroundColor>-16777216</backgroundColor>
<lineWidth>1</lineWidth>
<points>
<point x="514" y="153"/>
<point x="604" y="153"/>
</points>
</Connector>
<Connector class="oracle.dbtools.crest.swingui.logical.TVRelation" oid="E73F9C65-1B79-CC3E-5AAF-39CD64374FED" otype="Relation" vid_source="7D3D5C3B-E84F-6D2A-5DDD-F821F1C636A0" vid_target="EA2935BE-5955-D3FF-3F26-D4D9156A869F">
<hideElementsInCurrentOnly>false</hideElementsInCurrentOnly>
<backgroundColor>-16777216</backgroundColor>
<lineWidth>1</lineWidth>
<points>
<point x="165" y="264"/>
<point x="165" y="128"/>
</points>
</Connector>
</connectors>
</Diagram>