<?xml version = '1.0' encoding = 'UTF-8'?>
<Diagram class="oracle.dbtools.crest.swingui.logical.DPVLogical" name="Logical" id="DBBA4018-3930-A7D8-D26B-B8C420F629BD">
<createdBy>logonpflocal</createdBy>
<modifiedBy>logonpflocal</modifiedBy>
<createdTime>2022-05-03 23:21:59 UTC</createdTime>
<autoRoute>false</autoRoute>
<boxInbox>true</boxInbox>
<showLegend>false</showLegend>
<showLabels>false</showLabels>
<showRelAttributes>false</showRelAttributes>
<gridEnabled>false</gridEnabled>
<showGrid>false</showGrid>
<diagramColor>-1</diagramColor>
<display>false</display>
<notation>1</notation>
<objectViews>
<OView class="oracle.dbtools.crest.swingui.logical.TVEntity" oid="0950B1C4-55D2-029C-E9C5-5E496E1D0565" otype="Entity" vid="0495CCE9-336A-E80E-FA34-1FAE5591631B">
<hideElementsInCurrentOnly>false</hideElementsInCurrentOnly>
<bounds x="330" y="55" width="106" height="54"/>
</OView>
<OView class="oracle.dbtools.crest.swingui.logical.TVEntity" oid="180BA2B6-9B47-3F52-9EA1-7ED23CE8418F" otype="Entity" vid="B97FDB75-3AA6-AD24-6E32-F4816D3F25D6">
<hideElementsInCurrentOnly>false</hideElementsInCurrentOnly>
<bounds x="531" y="479" width="140" height="68"/>
</OView>
<OView class="oracle.dbtools.crest.swingui.logical.TVEntity" oid="1D07810A-C750-277C-0B1B-820D8C2388FE" otype="Entity" vid="8B04313D-726C-1E64-5434-974B550BA4B4">
<hideElementsInCurrentOnly>false</hideElementsInCurrentOnly>
<bounds x="515" y="231" width="109" height="54"/>
</OView>
<OView class="oracle.dbtools.crest.swingui.logical.TVEntity" oid="4B6E2914-B87F-675B-9FEF-FF23DE0220BB" otype="Entity" vid="32220347-0F07-F0E7-43F8-AA243776E041">
<hideElementsInCurrentOnly>false</hideElementsInCurrentOnly>
<bounds x="69" y="54" width="108" height="54"/>
</OView>
<OView class="oracle.dbtools.crest.swingui.logical.TVEntity" oid="5CC65CAA-575A-55EA-F4EB-335D938BBD64" otype="Entity" vid="EBDACE6A-BC8C-22D9-4998-2D1179A35054">
<hideElementsInCurrentOnly>false</hideElementsInCurrentOnly>
<bounds x="514" y="154" width="109" height="54"/>
</OView>
<OView class="oracle.dbtools.crest.swingui.logical.TVEntity" oid="6B98ACFB-747F-3E63-689A-CD5A5B599AB7" otype="Entity" vid="203824CE-A3C3-06F6-942A-7C55E797A254">
<hideElementsInCurrentOnly>false</hideElementsInCurrentOnly>
<bounds x="729" y="69" width="125" height="55"/>
</OView>
<OView class="oracle.dbtools.crest.swingui.logical.TVEntity" oid="7C1DB826-FAB8-5C29-5FFE-911B5873E792" otype="Entity" vid="962B32B3-5F73-431A-BC78-AEEA19574B27">
<hideElementsInCurrentOnly>false</hideElementsInCurrentOnly>
<bounds x="742" y="315" width="125" height="54"/>
</OView>
<OView class="oracle.dbtools.crest.swingui.logical.TVEntity" oid="B09E0EBF-7C90-5156-A88D-52CBD47642A7" otype="Entity" vid="95E69AFA-0050-686A-CE28-08EA04C42E56">
<hideElementsInCurrentOnly>false</hideElementsInCurrentOnly>
<bounds x="735" y="156" width="125" height="54"/>
</OView>
<OView class="oracle.dbtools.crest.swingui.logical.TVEntity" oid="D928C657-F0B3-7250-F57F-B352A5F10497" otype="Entity" vid="5862407F-7957-B55E-D588-38AD859423A3">
<hideElementsInCurrentOnly>false</hideElementsInCurrentOnly>
<bounds x="735" y="225" width="125" height="54"/>
</OView>
<OView class="oracle.dbtools.crest.swingui.logical.TVEntity" oid="E0DB6E06-3765-F326-5EA0-5625E3944C1C" otype="Entity" vid="1A9587EB-978E-C78A-F770-5F42B71AA5A0">
<hideElementsInCurrentOnly>false</hideElementsInCurrentOnly>
<bounds x="515" y="65" width="109" height="55"/>
</OView>
<OView class="oracle.dbtools.crest.swingui.logical.TVEntity" oid="FC52E75F-14E7-DE59-7520-D02907F3609B" otype="Entity" vid="801FE2BD-5526-65A5-B721-0D184F3D2DC5">
<hideElementsInCurrentOnly>false</hideElementsInCurrentOnly>
<bounds x="509" y="312" width="109" height="54"/>
</OView>
</objectViews>
<connectors>
<Connector class="oracle.dbtools.crest.swingui.logical.TVRelation" oid="03E1BD72-AA64-67B1-DB30-0CDCCB4155D6" otype="Relation" vid_source="1A9587EB-978E-C78A-F770-5F42B71AA5A0" vid_target="203824CE-A3C3-06F6-942A-7C55E797A254">
<hideElementsInCurrentOnly>false</hideElementsInCurrentOnly>
<backgroundColor>-16777216</backgroundColor>
<lineWidth>1</lineWidth>
<points>
<point x="624" y="94"/>
<point x="729" y="94"/>
</points>
</Connector>
<Connector class="oracle.dbtools.crest.swingui.logical.TVRelation" oid="131E4C63-0264-D3CF-0FFE-E1DF3657ECB5" otype="Relation" vid_source="32220347-0F07-F0E7-43F8-AA243776E041" vid_target="0495CCE9-336A-E80E-FA34-1FAE5591631B">
<hideElementsInCurrentOnly>false</hideElementsInCurrentOnly>
<backgroundColor>-16777216</backgroundColor>
<lineWidth>1</lineWidth>
<points>
<point x="177" y="81"/>
<point x="330" y="81"/>
</points>
</Connector>
<Connector class="oracle.dbtools.crest.swingui.logical.TVRelation" oid="241B9DC1-4A8D-C134-5688-DC37563DE488" otype="Relation" vid_source="801FE2BD-5526-65A5-B721-0D184F3D2DC5" vid_target="962B32B3-5F73-431A-BC78-AEEA19574B27">
<hideElementsInCurrentOnly>false</hideElementsInCurrentOnly>
<backgroundColor>-16777216</backgroundColor>
<lineWidth>1</lineWidth>
<points>
<point x="618" y="340"/>
<point x="742" y="340"/>
</points>
</Connector>
<Connector class="oracle.dbtools.crest.swingui.logical.TVRelation" oid="8089D650-7245-2A42-28AB-1B161CADE243" otype="Relation" vid_source="95E69AFA-0050-686A-CE28-08EA04C42E56" vid_target="EBDACE6A-BC8C-22D9-4998-2D1179A35054">
<hideElementsInCurrentOnly>false</hideElementsInCurrentOnly>
<backgroundColor>-16777216</backgroundColor>
<lineWidth>1</lineWidth>
<points>
<point x="735" y="182"/>
<point x="623" y="182"/>
</points>
</Connector>
<Connector class="oracle.dbtools.crest.swingui.logical.TVRelation" oid="9BD72E78-6B6D-07D9-9A91-EE05C3882010" otype="Relation" vid_source="8B04313D-726C-1E64-5434-974B550BA4B4" vid_target="5862407F-7957-B55E-D588-38AD859423A3">
<hideElementsInCurrentOnly>false</hideElementsInCurrentOnly>
<backgroundColor>-16777216</backgroundColor>
<lineWidth>1</lineWidth>
<points>
<point x="624" y="255"/>
<point x="735" y="255"/>
</points>
</Connector>
</connectors>
</Diagram>