<?xml version = '1.0' encoding = 'UTF-8'?>
<Entity class="oracle.dbtools.crest.model.design.logical.Entity" directorySegmentName="seg_0" id="0F0D1EC2-D8AC-D239-D09D-91C03431F636" name="Departamento">
<createdBy>logonrmlocal</createdBy>
<createdTime>2022-05-13 14:20:15 UTC</createdTime>
<ownerDesignName>exercicio_normalizacao</ownerDesignName>
<engineerTo>
<item key="70CA3B34-4689-4DFA-E26D-47E2F708C369" value="true"/>
</engineerTo>
<adequatelyNormalized>NO</adequatelyNormalized>
<expectedVolumes>0</expectedVolumes>
<fwdEngineeringStrategyName>Single Table</fwdEngineeringStrategyName>
<growthPercent>0</growthPercent>
<growthType>Year</growthType>
<maxVolumes>9999999</maxVolumes>
<minVolumes>0</minVolumes>
<normalForm>Third</normalForm>
<attributes itemClass="oracle.dbtools.crest.model.design.logical.Attribute">
<Attribute name="cod_departamento" id="321EB918-8504-C373-2C8E-05DCF0AEAB77">
<createdBy>logonrmlocal</createdBy>
<createdTime>2022-05-13 14:23:32 UTC</createdTime>
<ownerDesignName>exercicio_normalizacao</ownerDesignName>
<engineerTo>
<item key="70CA3B34-4689-4DFA-E26D-47E2F708C369" value="true"/>
</engineerTo>
<use>0</use>
<ownDataTypeParameters>,,</ownDataTypeParameters>
</Attribute>
<Attribute name="nome" id="0D0559D1-57AA-BD1A-29EC-B761C9AB7578">
<createdBy>logonrmlocal</createdBy>
<createdTime>2022-05-13 14:31:56 UTC</createdTime>
<ownerDesignName>exercicio_normalizacao</ownerDesignName>
<engineerTo>
<item key="70CA3B34-4689-4DFA-E26D-47E2F708C369" value="true"/>
</engineerTo>
<use>0</use>
<ownDataTypeParameters>,,</ownDataTypeParameters>
</Attribute>
</attributes>
<identifiers itemClass="oracle.dbtools.crest.model.design.logical.CandidateKey">
<identifier id="43FD8977-DC92-786A-B70E-CDDB146235F0" name="Departamento PK">
<createdBy>logonrmlocal</createdBy>
<createdTime>2022-05-13 14:23:47 UTC</createdTime>
<ownerDesignName>exercicio_normalizacao</ownerDesignName>
<engineerTo>
<item key="70CA3B34-4689-4DFA-E26D-47E2F708C369" value="true"/>
</engineerTo>
<pk>true</pk>
<usedAttributes>
<attributeRef>321EB918-8504-C373-2C8E-05DCF0AEAB77</attributeRef>
</usedAttributes>
</identifier>
</identifiers>
</Entity>