<?xml version = '1.0' encoding = 'UTF-8'?>
<Entity class="oracle.dbtools.crest.model.design.logical.Entity" directorySegmentName="seg_0" id="2248777D-F02D-BF55-520C-7F3DC9A6BCE1" name="EMPREGADOS">
<createdBy>logonrmlocal</createdBy>
<createdTime>2022-05-13 14:13:17 UTC</createdTime>
<ownerDesignName>exercicio_normalizacao</ownerDesignName>
<engineerTo>
<item key="70CA3B34-4689-4DFA-E26D-47E2F708C369" value="true"/>
</engineerTo>
<adequatelyNormalized>NO</adequatelyNormalized>
<expectedVolumes>0</expectedVolumes>
<fwdEngineeringStrategyName>Single Table</fwdEngineeringStrategyName>
<growthPercent>0</growthPercent>
<growthType>Year</growthType>
<maxVolumes>9999999</maxVolumes>
<minVolumes>0</minVolumes>
<normalForm>Third</normalForm>
<attributes itemClass="oracle.dbtools.crest.model.design.logical.Attribute">
<Attribute name="cod_instrutor" id="D0C255B5-4663-F36B-D70D-56897CE547CD">
<createdBy>logonrmlocal</createdBy>
<createdTime>2022-05-13 14:14:47 UTC</createdTime>
<ownerDesignName>exercicio_normalizacao</ownerDesignName>
<engineerTo>
<item key="70CA3B34-4689-4DFA-E26D-47E2F708C369" value="true"/>
</engineerTo>
<use>0</use>
<ownDataTypeParameters>,,</ownDataTypeParameters>
</Attribute>
<Attribute name="nome_instrutor" id="03CBFAF1-408C-DDBF-EDE3-D1104F8A5125">
<createdBy>logonrmlocal</createdBy>
<createdTime>2022-05-13 14:15:34 UTC</createdTime>
<ownerDesignName>exercicio_normalizacao</ownerDesignName>
<engineerTo>
<item key="70CA3B34-4689-4DFA-E26D-47E2F708C369" value="true"/>
</engineerTo>
<useDomainConstraints>false</useDomainConstraints>
<use>1</use>
<logicalDatatype>LOGDT024</logicalDatatype>
<dataTypeSize>100</dataTypeSize>
<ownDataTypeParameters>100,,</ownDataTypeParameters>
</Attribute>
<Attribute name="cargos" id="1FB34DC0-3A80-C04B-9129-D954743AC824">
<createdBy>logonrmlocal</createdBy>
<createdTime>2022-05-13 14:36:06 UTC</createdTime>
<ownerDesignName>exercicio_normalizacao</ownerDesignName>
<engineerTo>
<item key="70CA3B34-4689-4DFA-E26D-47E2F708C369" value="true"/>
</engineerTo>
<use>0</use>
<ownDataTypeParameters>,,</ownDataTypeParameters>
</Attribute>
<Attribute name="cod_departamento" id="DE81F04C-EF0B-7B77-8E8A-7FF77671BE15">
<createdBy>logonrmlocal</createdBy>
<createdTime>2022-05-13 14:37:11 UTC</createdTime>
<generatorID>AF1EF451-9EA7-B0D1-E4EF-1C9745762057</generatorID>
<ownerDesignName>exercicio_normalizacao</ownerDesignName>
<engineerTo>
<item key="70CA3B34-4689-4DFA-E26D-47E2F708C369" value="true"/>
</engineerTo>
<referedAttribute>321EB918-8504-C373-2C8E-05DCF0AEAB77</referedAttribute>
<use>0</use>
<ownDataTypeParameters>,,</ownDataTypeParameters>
</Attribute>
</attributes>
<identifiers itemClass="oracle.dbtools.crest.model.design.logical.CandidateKey">
<identifier id="8DD41F66-0464-9D1D-01F4-FC1E58FE46EE" name="Instrutor PK">
<createdBy>logonrmlocal</createdBy>
<createdTime>2022-05-13 14:14:59 UTC</createdTime>
<ownerDesignName>exercicio_normalizacao</ownerDesignName>
<engineerTo>
<item key="70CA3B34-4689-4DFA-E26D-47E2F708C369" value="true"/>
</engineerTo>
<pk>true</pk>
<usedAttributes>
<attributeRef>D0C255B5-4663-F36B-D70D-56897CE547CD</attributeRef>
</usedAttributes>
</identifier>
</identifiers>
</Entity>