<?xml version = '1.0' encoding = 'UTF-8'?>
<Entity class="oracle.dbtools.crest.model.design.logical.Entity" directorySegmentName="seg_0" id="4C8E1DA6-733A-23DF-D746-7DC3C5268960" name="CURSOS_INSTRUTORES">
<createdBy>logonrmlocal</createdBy>
<createdTime>2022-05-13 14:33:38 UTC</createdTime>
<ownerDesignName>exercicio_normalizacao</ownerDesignName>
<engineerTo>
<item key="70CA3B34-4689-4DFA-E26D-47E2F708C369" value="true"/>
</engineerTo>
<adequatelyNormalized>NO</adequatelyNormalized>
<expectedVolumes>0</expectedVolumes>
<fwdEngineeringStrategyName>Single Table</fwdEngineeringStrategyName>
<growthPercent>0</growthPercent>
<growthType>Year</growthType>
<maxVolumes>9999999</maxVolumes>
<minVolumes>0</minVolumes>
<normalForm>Third</normalForm>
<attributes itemClass="oracle.dbtools.crest.model.design.logical.Attribute">
<Attribute name="codigo_curso" id="0390933A-E849-FA3C-F8B6-AB446E1AEA55">
<createdBy>logonrmlocal</createdBy>
<createdTime>2022-05-13 14:34:29 UTC</createdTime>
<generatorID>D6609014-91E5-ED21-2ED9-F079535F139D</generatorID>
<ownerDesignName>exercicio_normalizacao</ownerDesignName>
<engineerTo>
<item key="70CA3B34-4689-4DFA-E26D-47E2F708C369" value="true"/>
</engineerTo>
<referedAttribute>41603518-9343-D592-B011-C4BECC418C8E</referedAttribute>
<useDomainConstraints>false</useDomainConstraints>
<use>1</use>
<logicalDatatype>LOGDT019</logicalDatatype>
<dataTypePrecision>5</dataTypePrecision>
<ownDataTypeParameters>,,</ownDataTypeParameters>
</Attribute>
<Attribute name="cod_instrutor" id="13E80781-6EA6-83EB-A4D7-64A1E38BCA48">
<createdBy>logonrmlocal</createdBy>
<createdTime>2022-05-13 14:34:40 UTC</createdTime>
<generatorID>5706D009-DE94-9B9B-DCC7-2BAB905AFC45</generatorID>
<ownerDesignName>exercicio_normalizacao</ownerDesignName>
<engineerTo>
<item key="70CA3B34-4689-4DFA-E26D-47E2F708C369" value="true"/>
</engineerTo>
<referedAttribute>D0C255B5-4663-F36B-D70D-56897CE547CD</referedAttribute>
<use>0</use>
<ownDataTypeParameters>,,</ownDataTypeParameters>
</Attribute>
</attributes>
<identifiers itemClass="oracle.dbtools.crest.model.design.logical.CandidateKey">
<identifier id="4526E0F6-CB96-65ED-816A-03C758A82B72" name="CURSOS_INSTRUTORES PK">
<createdBy>logonrmlocal</createdBy>
<createdTime>2022-05-13 14:34:33 UTC</createdTime>
<ownerDesignName>exercicio_normalizacao</ownerDesignName>
<engineerTo>
<item key="70CA3B34-4689-4DFA-E26D-47E2F708C369" value="true"/>
</engineerTo>
<pk>true</pk>
<usedAttributes>
<attributeRef>0390933A-E849-FA3C-F8B6-AB446E1AEA55</attributeRef>
<attributeRef>13E80781-6EA6-83EB-A4D7-64A1E38BCA48</attributeRef>
</usedAttributes>
</identifier>
</identifiers>
</Entity>