<?xml version = '1.0' encoding = 'UTF-8'?>
<Relation class="oracle.dbtools.crest.model.design.logical.Relation" name="Relation_12" directorySegmentName="seg_0" id="5706D009-DE94-9B9B-DCC7-2BAB905AFC45">
<createdBy>logonrmlocal</createdBy>
<createdTime>2022-05-13 14:34:40 UTC</createdTime>
<ownerDesignName>exercicio_normalizacao</ownerDesignName>
<engineerTo>
<item key="70CA3B34-4689-4DFA-E26D-47E2F708C369" value="true"/>
</engineerTo>
<sourcePk>8DD41F66-0464-9D1D-01F4-FC1E58FE46EE</sourcePk>
<identifying>true</identifying>
<optionalSource>true</optionalSource>
<optionalTarget>false</optionalTarget>
<sourceCardinality>1</sourceCardinality>
<sourceEntity>2248777D-F02D-BF55-520C-7F3DC9A6BCE1</sourceEntity>
<targetCardinalityString>*</targetCardinalityString>
<targetEntity>4C8E1DA6-733A-23DF-D746-7DC3C5268960</targetEntity>
<transferable>true</transferable>
<deleteRule>NO ACTION</deleteRule>
</Relation>