<?xml version = '1.0' encoding = 'UTF-8'?>
<Relation class="oracle.dbtools.crest.model.design.logical.Relation" name="Relation_13" directorySegmentName="seg_0" id="AF1EF451-9EA7-B0D1-E4EF-1C9745762057">
<createdBy>logonrmlocal</createdBy>
<createdTime>2022-05-13 14:37:11 UTC</createdTime>
<ownerDesignName>exercicio_normalizacao</ownerDesignName>
<engineerTo>
<item key="70CA3B34-4689-4DFA-E26D-47E2F708C369" value="true"/>
</engineerTo>
<sourcePk>43FD8977-DC92-786A-B70E-CDDB146235F0</sourcePk>
<identifying>false</identifying>
<optionalSource>true</optionalSource>
<optionalTarget>false</optionalTarget>
<sourceCardinality>1</sourceCardinality>
<sourceEntity>0F0D1EC2-D8AC-D239-D09D-91C03431F636</sourceEntity>
<targetCardinalityString>*</targetCardinalityString>
<targetEntity>2248777D-F02D-BF55-520C-7F3DC9A6BCE1</targetEntity>
<transferable>true</transferable>
<deleteRule>NO ACTION</deleteRule>
</Relation>