<?xml version = '1.0' encoding = 'UTF-8'?>
<Relation class="oracle.dbtools.crest.model.design.logical.Relation" name="Relation_10" directorySegmentName="seg_0" id="D6609014-91E5-ED21-2ED9-F079535F139D">
<createdBy>logonrmlocal</createdBy>
<createdTime>2022-05-13 14:34:29 UTC</createdTime>
<ownerDesignName>exercicio_normalizacao</ownerDesignName>
<engineerTo>
<item key="70CA3B34-4689-4DFA-E26D-47E2F708C369" value="true"/>
</engineerTo>
<sourcePk>B41F4F7A-5A82-81D2-6BC2-BA6DF3323EF6</sourcePk>
<identifying>true</identifying>
<optionalSource>true</optionalSource>
<optionalTarget>false</optionalTarget>
<sourceCardinality>1</sourceCardinality>
<sourceEntity>2641DD0A-58D8-441B-6536-8032BDCB8D9A</sourceEntity>
<targetCardinalityString>*</targetCardinalityString>
<targetEntity>4C8E1DA6-733A-23DF-D746-7DC3C5268960</targetEntity>
<transferable>true</transferable>
<deleteRule>NO ACTION</deleteRule>
</Relation>