<?xml version = '1.0' encoding = 'UTF-8'?>
<Relation class="oracle.dbtools.crest.model.design.logical.Relation" name="Relation_2" directorySegmentName="seg_0" id="03E1BD72-AA64-67B1-DB30-0CDCCB4155D6">
<createdBy>logonpflocal</createdBy>
<createdTime>2022-05-03 23:27:10 UTC</createdTime>
<ownerDesignName>exemplos(1-n) e (1-1)</ownerDesignName>
<engineerTo>
<item key="81665B9B-60CE-4EC0-605C-308235005201" value="true"/>
</engineerTo>
<sourcePk>4B80A57F-D95B-4510-7B15-482EA7CF4539</sourcePk>
<identifying>false</identifying>
<optionalSource>true</optionalSource>
<optionalTarget>false</optionalTarget>
<sourceCardinality>1</sourceCardinality>
<sourceEntity>E0DB6E06-3765-F326-5EA0-5625E3944C1C</sourceEntity>
<targetCardinalityString>1</targetCardinalityString>
<targetEntity>6B98ACFB-747F-3E63-689A-CD5A5B599AB7</targetEntity>
<transferable>true</transferable>
<deleteRule>NO ACTION</deleteRule>
</Relation>